{
	"$schema": "https://raw.githubusercontent.com/martinring/tmlanguage/master/tmlanguage.json",
	"name": "S# Lang",
	"version":"1.0.0",
	"scopeName": "source.ss",
	"patterns": [
		{
			"begin":"\\b(?:(local)\\s+)?(function)\\s*(?:\\s+([a-zA-Z_][a-zA-Z0-9_]*(?:([\\.:])[a-zA-Z_][a-zA-Z0-9_]*)?)\\s*)?(\\()",
			"beginCaptures":
            {
                "1":
                {
                    "name":"storage.modifier.local.hel"
                },
                "2":
                {
                    "name":"keyword.control.hel"
                },
                "3":
                {
                    "name":"entity.name.function.hel"
                },
                "4":
                {
                    "name":"punctuation.separator.parameter.hel"
                },
                "5":
                {
                    "name":"punctuation.definition.parameters.begin.hel"
                }
            },


			"end":"\\)",
			"endCaptures":{
                "0":{
                    "name":"punctuation.definition.parameters.end.hel"
                }
            },


            "name":"meta.function.hel",
            "patterns":[
                {
                    "match":"[a-zA-Z_][a-zA-Z0-9_]*",
                    "name":"variable.parameter.function.hel"
                },
                {
                    "match":",",
                    "name":"punctuation.separator.arguments.hel"
                }
            ],

			"include": "#keywords"
		},

		{
            "match":"(?<![\\w\\d.])0[xX][0-9A-Fa-f]+(?![pPeE.0-9])",
            "name":"constant.numeric.integer.hexadecimal.hel"
        },
        {
            "match":"(?<![\\w\\d.])0[xX][0-9A-Fa-f]+(\\.[0-9A-Fa-f]+)?([eE]-?\\d*)?([pP][-+]\\d+)?",
            "name":"constant.numeric.float.hexadecimal.hel"
        },
        {
            "match":"(?<![\\w\\d.])\\d+(?![pPeE.0-9])",
            "name":"constant.numeric.integer.hel"
        },
        {
            "match":"(?<![\\w\\d.])\\d+(\\.\\d+)?([eE]-?\\d*)?",
            "name":"constant.numeric.float.hel"
        },
        {
            "begin":"'",
            "beginCaptures":
            {
                "0":
                {
                    "name":"punctuation.definition.string.begin.hel"
                }
            },
            "end":"'",
            "endCaptures":{
                "0":
                {
                    "name":"punctuation.definition.string.end.hel"
                }
            },
            "name":"string.quoted.single.hel",
            "patterns":
            [
                {
                    "include":"#escaped_char"
                }
            ]
        },
        {"begin":"\"","beginCaptures":{"0":{"name":"punctuation.definition.string.begin.hel"}},"end":"\"","endCaptures":{"0":{"name":"punctuation.definition.string.end.hel"}},"name":"string.quoted.double.hel","patterns":[{"include":"#escaped_char"}]},{"begin":"(?<=\\.cdef)\\s*(\\[(=*)\\[)","beginCaptures":{"0":{"name":"string.quoted.other.multiline.hel"},"1":{"name":"punctuation.definition.string.begin.hel"}},"contentName":"meta.embedded.hel","end":"(\\]\\2\\])","endCaptures":{"0":{"name":"string.quoted.other.multiline.hel"},"1":{"name":"punctuation.definition.string.end.hel"}},"patterns":[{"include":"source.c"}]},{"begin":"(?<!--)\\[(=*)\\[","beginCaptures":{"0":{"name":"punctuation.definition.string.begin.hel"}},"end":"\\]\\1\\]","endCaptures":{"0":{"name":"punctuation.definition.string.end.hel"}},"name":"string.quoted.other.multiline.hel"},{"captures":{"1":{"name":"punctuation.definition.comment.hel"}},"match":"\\A(#!).*$\\n?","name":"comment.line.shebang.hel"},{"begin":"(^[ \\t]+)?(?=#@)","beginCaptures":{"1":{"name":"punctuation.whitespace.comment.leading.hel"}},"end":"(?!\\G)((?!^)[ \\t]+\\n)?","endCaptures":{"1":{"name":"punctuation.whitespace.comment.trailing.hel"}},"patterns":[{"begin":"#@\\[(=*)\\[","beginCaptures":{"0":{"name":"punctuation.definition.comment.begin.hel"}},"end":"\\]\\1\\]","endCaptures":{"0":{"name":"punctuation.definition.comment.end.hel"}},"name":"comment.block.hel"},{"begin":"#@","beginCaptures":{"0":{"name":"punctuation.definition.comment.hel"}},"end":"\\n","name":"comment.line.double-dash.hel"}]},{"captures":{"1":{"name":"keyword.control.goto.hel"},"2":{"name":"constant.other.placeholder.hel"}},"match":"\\b(goto)\\s+([a-zA-Z_][a-zA-Z0-9_]*)"},{"captures":{"1":{"name":"punctuation.definition.label.begin.hel"},"2":{"name":"punctuation.definition.label.end.hel"}},"match":"(::)[a-zA-Z_][a-zA-Z0-9_]*(::)","name":"constant.other.placeholder.hel"},{"match":"\\b(ContainerKey)\\b","name":"keyword.control.hel"},
            {
                "match":"(?<![^.]\\.|:)\\b(Console|Write|WriteLine|ReadLine|getIndexOf|uppercase|lowercase|reverse|String|slice|replace|length|math\\.(pi|huge))\\b|(?<![.])\\.{3}(?!\\.)",
                "name":"constant.language.hel"
            },
            {
                "match":"(?<![^.]\\.|:)\\b(self)\\b",
                "name":"variable.language.self.hel"
            },
            {
                "match":"(?<![^.]\\.|:)\\b()\\b(?=\\s*(?:[({\"']|\\[\\[))",
                "name":"support.function.hel"
            },
            {
                "match":"\\b(and|or|not)\\b",
                "name":"keyword.operator.hel"
            },
            {
                "match":"\\b([a-zA-Z_][a-zA-Z0-9_]*)\\b(?=\\s*(?:[({\"']|\\[\\[))",
                "name":"support.function.any-method.hel"
            },
            {
                "match":"(?<=[^.]\\.|:)\\b([a-zA-Z_][a-zA-Z0-9_]*)",
                "name":"variable.other.hel"
            },
            {
                "match":"\\+|-|%|#|\\*|\\/|\\^|==?|~=|<=?|>=?|(?<!\\.)\\.{2}(?!\\.)",
                "name":"keyword.operator.hel"
            },


		{
			"include": "#strings",
            "include": "#single_strings"
		}
	],
	"repository": {
		"keywords": {
			"patterns": [{
				"name": "keyword.control.hel",
				"match": "\\b(namespace|import|let|var|module|if|elseif|else|while|for|do|until|fn|len|Syscall|ret|inc|dec|>>|TRUE|FALSE|!TRUE|!FALSE|NULL|lang|stdio|stdlib|stdtab|mem|file|os|loops|loop?|break?)\\b"
			}]
		},
		"strings": {
			"name": "string.quoted.double.hel",
			"begin": "\"",
			"end": "\"",
			"patterns": [
				{
					"name": "constant.character.escape.hel",
					"match": "\\\\."
				}
			]
		},
        "single_strings": {
            "name": "string.quoted.double.hel",
            "begin": "\"",
            "end": "\"",
            "patterns": [
                {
                    "name": "constant.character.escape.hel",
                    "match": "\\\\."
                }
            ]
        }
	}

}

